"Excellent, excellent!",Now open your mouth and let's have a look at that brain. ," No, no, no, no, no, not that mouth!",Really?,"Young lady, I'm an expert on humans. Now pick a mouth, open it and say... ", What? My mother was a saint! Get out!,Thank you. I made them myself.,Goodbye.,The female Leela's problem is purely medical. Soon she will drop her eggs and they will hatch and all will be well.,The rotting carcass of a whale.,I'd like a jumbo squidlog please.,"Alright, alright. Let me have one of your young on a roll.",Fine! Just give me something crawling with parasites., I'm not on trial here.,"Stop! Stop! I admit it! My people ate them all! We kept saying ""One more can't hurt"" and then they were gone. We're sorry!",That stench. That heavenly stench! , More!,More! More! More! More!,Alright.,Uh-oh! I shouldn't have had seconds.,"They are mild. In fact, you're soaking in one right now.",A fancy dress gala! I'll wear my formal shell.,"Yeah, I know.","Relax, Fry. I'll simply spin you in a high-speed centrifuge, separating out the denser fluid of His Highness.","Oh, right, right, with the bones! I always forget about the bones.","Let's face it, we're in hot butter here. We should call Leela for help.",Of course! Why didn't I think of that!,I'll handle this!,Me?,"In fact, that's why we loved you.",This is a witch hunt!," Oh, yeah.",You know Zapp Brannigan?,Aha!,I've had it with this game! I'm going for a scuttle!,Uh-oh. ," Bender, you gotta spring me. I'll never survive in here; I'm too pretty!",Yay!,I could make the costumes.,Gracias. ," Single Female Lawyer, where were you on the night of August 23rd?",Aha!," My God, he's dead.", Hooray!,"I'll have a look, but I remind you, I'm an expert on humans not robots.",Really? I though you were the robot.,"Alright, alright, spare me your life story. ", Now what seems to be the trouble?,"Hmm. Don't worry, you'll be fine. ", I didn't have the heart to tell him: It's fin fungus. He'll be floating upside-down by morning.,Do you have any that aren't so tight around the thorax?, Whammy-wazzle!," Alright, I'm coming.",He's so talented!,"That's me, baby!",They're hideous!,"You know, Fry, you could join a third party, maybe.",Really? I'd better keep an eye out at the next meeting.,"Sure, humans are cute, but how else are we supposed to test cosmetics?",We can only hope!, At least you're not cold-blooded!,"You, a bobsledder? That I'd like to see!",Huh? What's this? ," Instead of ""Claus"" he writes ""Claws""! Now that's humorous. Today's comedians could learn from this card.",So what's the problem? Just get down on your claws and do the apology dance.,Why?,"Amy, this is for you. A set of combs for your beautiful hair.",Thank you. These'll come in handy for my new hair. , Finally I look as pretty as I feel!,A pogo-stick!,Aha!, Oh.,It's funny because it's poisonous!,"So what is it, already?",You're both very lucky. I'd pay anything to end my miserable loneliness. If only I weren't so desperately poor.,Stop! Stop! If you interrupt the mating dance the male will become enraged and maul us with his fearsome gonad.,Did someone say something about a free hot meal?,"Mmm, I haven't eaten since Tuesday! Bird eggs, animal slices ... ", All gone! Can I drive?,Wahoo!,"Ah, I'll just turn the wheel to maximum fastness!","Vroom, vroom! And the winner of the big car race is ... Hot Rod Zoidberg!","Uh-oh. Here, you drive!",Fry? Are you alright?,"No, no, no, no, no, of course not. Nobody but you. I'm afraid your body was badly damaged in the crash.",That's it over there. ," Don't worry, I managed to keep your head alive with some quick surgery.",There.,"Don't worry, Fry, we'll have your body all fixed up in a few days. ", Upsy daisy!,"There you are, good as new. Except for your dorsal fin. I'm afraid I couldn't find it after the crash.",If you call that living.,Hello!,What are we going to do there?,I'm seeing a movie with friends!,Fellows! Fellows! How about a film we can all enjoy? Planet Of The Clams. , It's about an upside-down world where lobster is slave to clam.,"Oh, again with the orphanarium!",What? What's going on here?,The doctor is in! , The doctor is out!,Hello., That pig over there is wearing the same sandals as me.,"Good evening, ladies and germs. "," Hey, Ringo, that was the joke. Oh, it's Showtime at the Apollo all over again.",I wouldn't wanna follow that guy!,"If only it'd worked, you could go back and not waste your time on it.",A successor to the Professor?,You? The successor? Over my empty shell! The Professor will pick me. Only I have his lobster-like tenacity., Blood ... thicker ... water.,He's horrible!,No.,Mmm!,I lost it ... in a volcano.,Oh.,"Leela, Fry, robot. No matter what it is you're doing tonight, I'm available.","Bah, big shots. I say let the dice do the talking.",I can't spell anything with these cards.,"Finally, I have a good claw. See? "," Three human females, a number and a king giving himself brain surgery.","No, don't hurt him! He's my best friend!", No!,"I recommend the health cure on Spa 5, the sauna planet. Here, read.","Oh, it's wonderful! I don't know anything about it but they give me a bucket of krill for every patient I send.",Then it's settled. Hermes will relax and Zoidberg will eat. Hurrah!,"She's a hateful monster, this Morgan. She scolded and hit me. I tell you, she's risking my friendship with her.",It was me! I'm the hero!, They said I probably shouldn't be a surgeon.,Congratulations.,Now it's time for my song! ," When I was two, there was a tidal wave in--", Aw.,"Excuse me, if I might be so bold, I'm willing to offer my services as a bait critic. "," ... very, very juicy--", I'm so into you!,I wasn't wearing it. , I was eating it.,Wait! I'll save us! By cutting the unbreakable diamond filament! ," Well, at least I'll die with my friends. Hello?","How are you doing there, Fry? ", Aha!,"Yum, yum, yum! "," Look at me, I'm Dr. Zoidberg, homeowner!","Careful, Fry, I think that flag might be poisonous.","Say, robot, old buddy? Could you help me move a couch?","What is it, Fry?","Your student loans have been repaid? Then how 'bout lending your old pal Zoidberg a few bucks, Mr. Millionaire!",I've got his scent! Over here where the water gets warmer. This way!,"She's right, I mean, sure, they got the Braves but it's a third-rate symphony.","You know, Fry, I've got a little place just outside town. You could come visit, maybe?","Well, I guess this is goodbye for me as well.",No! My home! It burned down! , How did this happen?,Hey! I'm trying to sleep in here!,I don't like the looks of this doctor. I bet I've lost more patients than he's even treated.,"Nice try, little boy. You may have your textbook knowledge and your real diploma but I have more skill in my little claw than you have in your whole carapace!","Sure, butter me up with candy. But it won't work, sonny! ", Why always the fighting?, Clack.," Thanks for the help, Leela.","Oh, God! I'm coming down!",The king crab is to die for. Look! A tiny edible crown., Wood!,They took away my credit card.,Please don't hit me. I'm brittle!,Listen to the smart robot.,"I'll handle the snipping. After all, I do have the proper equipment.",Stop!,Hooray! I'm useful! I'm having a wonderful time!,Eck!,Is this what human mating looks like? Because I like it!,Land robots!,They're tastier than an unguarded penguin nest. What do you call them?,"Oh, yeah, why not?",Call them what you want. I call them a free meal.,I can't pay.,Congratulations. I assume Amy is the father.,"Yes, listen to the father.",Ah!,"Let's watch, shall we?",What's this? Two meals in one week?,Friends! Help! A guinea pig tricked me! , What?,"So, now Zoidberg is big, huh? That's more like it! Who's intimidating who now, big city? "," Ah, the famed Apollo Theater. ""Boo"" me off stage on open-mic night, huh? I'll show you!",Tell it to claw.,Stop!,Hmm?,"Alright, so you're nonchalant. Quit rubbing our noses in it.",What?,Police? Bah! Nosy meddlers! It so happens I have mail order degrees in Murderology and Murderonomy. , Zoidberg is afoot!,"Alright, anteater number one, who are you protecting? ", What? How do you spell that?," Hermes, quiet! I'm deducing things.","Ah, the gang's all here.","Quiet, please. I've called you all here to the parlour to watch as I gradually solve the crime. One of the people in this room ... is a big murderer! "," You see, the killer left one fatal clue: This boot print on the Professor's lab coat.","My next clue came at 4.15, when the clock stopped. And another came two hours later at 4.15, when I discovered the murdered body of Amy's dead, deceased corpse.","So, it's just as I suspected all along. The crime is unsolvable! "," My God! It can't be! The murderer, it was--","If that's his pizza, then I'm icy whatever!", I kid! I kid!,Scalpel. , Priest. Next patient.,"See, this is how it starts. First with he jokes, then comes the heavy stuff.",I'm afraid he's gone.,"Excuse me, I believe I'm the doctor.",That's my joke! I'll kill you!,I'm sorry but we couldn't remove it.,Enough already!,"I don't know, but it's infectious!","Bender, you look awful. I prescribe make-up. Here. It just so happens I have my Mary Kay sample case!","Many people dream of a fresh, new look. And Mary Kay can make those dreams come true.",This isn't good for Zoidberg!, Good riddance to them. Now Zoidberg is the popular one!,Is it carapace or carapass?,"Oh, you know!","For one beautiful night, I knew what it was to be a grandmother. Subjugated, yet honoured.","There you go, dearies.","Then good luck, sister.",Why with all the crying? , So that's where I left my shell.,"It was starting to get a little cramped in there so I molted, why not? Ah, the fresh air feels good!",So long. I'm off to toss this old shell in the dumpster and maybe pick up those potato chips Amy didn't finish yesterday.,A feast is a feast.,"Look what arrived: My new shell catalogue. So let's try some on, already! "," Ah! Muy macho! Hey, gringos, here comes El Zoido to ruin your drinking water!",You Latins are so hot-blooded! , This one's like a summer guy!,"And that's how I got my new shell. It looks just like the shell I threw out yesterday and I found it in the same dumpster, but this one had a live raccoon inside. "," Pretty good story, eh, Hermes?","Oh, the hypochondriac's back! So what is it this time?",That's normal. Next patient.,Hmm. We'll need to have a look inside you with this camera. , Guess again., Shotgun!,Me next!,Can't I have a scented bath in peace?,And I'm his friend Jesus!,I help those who help themselves.,To hell with your spoiled baby! I need those shoes!,"So the clover is still in the hiding place, maybe?",Ooh! The new one's out!, The captain's table! What an honour!,Brilliant!,You can drink with me maybe?,"Then, if you'll excuse me, I see some ravioli that only has two shoe prints on it. ", Three.,"Captain, please, have some liquor. You robots need alcohol to function.","Please, sir, I love you like a father!","All 6,000 hulls have been breached!",They sent us inside for doing an unsatisfactory job. , And eating penguin eggs.,"Damnit, Fry! He may have done wrong, but he's still your captain.","Such a man! I'd follow him to hell and back, I would.","Captain, I don't think we're on Pluto any longer. In fact, we may have left space as we know it.", Stop yelling at me!," It's been an honour to serve under you, sir!",Doy!,"Well, gang, it looks like we have another mystery on our hands.",My slinky! ," My cuddly, little pet slinky!",J'accuse!,You've seen me naked?,"There, little friend. Good as new.",Believe it.,"""Dog food"", you say?",Ow!,"Forgive me, my friend."," What, now?",Zoidy want balloon! Want balloon now! , Zoidy want go outside!,On margin! Zoidy wanna buy on margin!,"Earth: What a planet. On Earth, you enjoy eating a tasty clam. On my planet, clams enjoy eating a tasty you. "," On Earth, everybody is always looking for a giant squid. On my planet--",So these three parasitic worms bore into a human's head--,And they walk up to the bar and then-- Uh-oh. ," Wait, stop! I've got more!",My whole life I worked on that act. And they hated it.,But comedy is in my valves. My Uncle Harold was a big Hollywood star back in the era of silent holograms.,This I cannot deny.,"Maybe so, but perhaps if I wrote him and asked for a few hundred pointers...","This letter has to be very personal, so I'm writing it in my own ink. "," Dear Uncle Zoid, greetings from your long-lost nephew. Norm and Sam and Sadie's boy, remember?"," Now I am the most important doctor at the delivery company where I work. But, sadly, my life is bereft of laughter.", Did you hear that? I'm going to Hollywood!,"That's where I'm meeting Uncle Zoid for lunch to discuss my Hollywood dreams. Next time you see me, don't be surprised if I've eaten.","Uncle Zoid, you're looking young enough to be thrown back!","And a rich, respected doctor with many surviving patients.",It's my lifelong dream.,Hmm. Serious drama. Perhaps it is time to give up comedy.,"Ah, fame. Where do I come in?","Uh, OK. How much do I have to invest?",Is bread free?,We'll split an order., I've only been here a day and already I'm a Hollywood phoney.,It's a movie.,Written and Xeroxed.,Hooray!,"Bender, you said ""wink, wink"" out loud.","The Magnificent Three. Scene one, take one.","The Magnificent Three. Scene 10, take 95.","Well, editing is a long and expensive process but we spent all the money on pies, so it'll be ready Friday."," Good morning, Mr. Vice President!"," The President is dead. Congratulations, Mr. President!",Let's just hope Calculon breaks our legs; they'll grow back., I lied.,But you won this Golden Globe!,This is where you live? I though you were a big-shot Hollywood movie star.,"What are you talking about, Uncle? Everybody remembers Harold Zoid!",No. This is one death Dr. Zoidberg won't be responsible for. Zoidberg away!,What category are they on?,That just leaves Best Soft-Drink Product Placement and then Best Actor. We don't have much time.,And the nominees for Best Actor are: Sir Lawrence-- ," ... in The Merchant of Venus, Hive Mind Gamma 7X in Bikini Party Summer, the Soda Machine Robot in Bikini Party Summer, Mark Jones in How Beige Was My Jacket and, instead of the fifth guy, Calculon, for his powerhouse performance in The Magnificent Three.",And the winner is... ," And the winner, instead of any of the nominees, is the legendary Harold Zoid!",Earthquake!,"Wonderful. And while you're under the knife, you could also get an ink pouch to help you escape your enemies.",No.,"Be careful with that Adlai, Leela, he's a doctor, they're very poor.","What? When did this happen? You're joking, right? ", That's not funny!, Totally.,He's a weird monster who smells like he eats garbage and does.,Damn right!,No doubt about it.,Help! I'm under attack!,"Don't mind if I already did. By the way, do you have anymore of this Dom Perignon bubble bath? There was only enough to fill the tub halfway.", I broke your television.,Host-man! Host-woman! I'm having a wonderful time!," By the way, I took the liberty of fertilising your caviar.", Nooo!,Mom! Dad! Don't ask me to choose!,Aw!, Ma! Pa! Our precious ranch!,"Captain Brannigan, you're always welcome here at Rancho Zoidberg!","Money doesn't make good people, no, siree!",Hooray for me! Hooray for Zoidberg!,"Look! Coupons! I can get two oil changes for the price of one! Now if I could only afford the one ... and the car. Ah, the years! So many memories, so many strange fluids gushing out of patients' bodies--",You kept track of it all these years!,"Listen to me, Fry. Just because you think you're a robot, doesn't make you a robot. After all, I think I'm a doctor but that doesn't make me a doctor. These fancy clothes do!","By a scallop's forelocks! What's with all the beer, Fry?",Hooray! I'm helping!,"Oh, the fear!",Bravo!,A squid?,Also good.,What's going on? Is this angry yelling or busted-hearing-aid yelling?,Hello!,There but for the grace of God., It's toe-tapping-ly tragic.,Poor Bender.,"Oh, I don't know, Fry. I think I'm too poor to follow a band around in a van.","Bad news, friends. My shell ran.","Then it was all on purpose! You're lucky to have Zoidberg as a friend. But cross me, and I'll turn on you like that!","Hooray, robot!","I can't stop. When I eat too much dirt, I get stuff in my throat.","Ew, you're touching them!",I am? At last! Recognition!,"Glad you like them. I've been making fine jewellery for years, apparently.",Play that thing!,Not if you've lived a life without regret.,That one grabbed his behindus!,I hope we all have as much tomorrow at my birth--,What?,Hmm. , Hmm.,"Leela, I would be honoured.","Sorry, you must have been boring me.",So he's not perfect. You don't wanna end up old and lonely like Zoidberg! , You were saying?,He looks radiant!,"Don't be so hard on yourself, Fry. You lost the woman of your dreams but you still have Zoidberg. You all still have Zoidberg.", Zoidberg!,I'm a Globetrotter!,"It's funny. You live in the universe, but you never do these things till someone comes to visit.",Hooray! Finally you're standing up to him.,Someone in trouble is!,The real Lucy Liu! The one you can see a movie of in the popcorn stadium.,Did you see me escaping? I was all like--,"Hey, what the--",Looks like you're retaining water.,Why?,At least we've got food.,Hooray!,Life was bad but now it's good forever!, Now if the deceased would kindly take his place of honour.," Oh, Danny-boy,
The pipes, the pipes are calling--", From glen to glen and down--,I'm expressing my sorrow.," Oh, Danny-boy--",Hooray! It's just like Mardis Gras!,"Is Bender still missing for a week? Where is he, already?","Pulse, 300; liver, failing; cholesterol, 40?","No, I mean 40 pounds!","Mmm, delicious! Just like stale marshmallows! "," Ooh, and a cherry!",Uh-oh!, One ship is left only.,Yes.,"And I'm the other guy, courage. Not enough of it. Need some from whatshisname.","What, do I smell or something?",And why did I have to take a cab?,Alright!,"Nothing! I'm leaving. But if you have extra courage I'd haul it away for you, maybe?","No, world, you put your hands up!","Uh, sorry. I think there's a problem with your upstairs toilet.",My head is spinning.,Such noises!,And Zoidberg picks up another piece. The crowd goes wild! , What is?,Hello! , So what are you guys doing tonight? I'm up for whatever.," Alright, Officer, I'll move along.",Not a day goes by I don't ask myself the same question.,"A buffet! Oh, if only I had my wallet with me!",Both good. The important thing is I'm meeting new people.,Are you coming onto me?, I'm not hearing a no.,Hooray!,"And in this corner, Zoidberg! "," C'mon! Lighten up! What is this, a funeral?","Take, I've got four of them.",Deviled egg?,"Hey, don't cut that! I need that to speak!",The President is gagging on my gas bladder! What an honour!,There! Good as new!,"Oh, no! That's my-- ", Gotcha!,Hooray! People are paying attention to me!,"I'll not only help you find it, I'll help you do more to it!",That is so unfair!,Question: Do you have to have been cryogenically frozen to get the free-- ," You didn't let me finish. I was going to say ""to get the free food"".","Uh, excuse me? Which is the one people like to hug?",It's the end of the line!,"Is it Planet Express, master?","Yes, my liege!","This company's circling the drain, I tell you. I'd sell my stock right now for a sandwich!",A complete sangwich? , You got fleeced! I would have settled for a hard roll with ketchup inside!,Oh! I have no shares! ," Please, oh, please!",You had to drag spines into this!,"Trust me, two out of three doesn't cut it!",Aha! Once again the conservative sangwich-heavy portfolio pays off for the hungry investor! , Why? Why?,That's where I live. I have no home.,Also Zoidberg!,That's so beautiful!,"Clothing, delicious clothing!"," As the candy hearts poured into the fiery quasar, a wondrous thing happened, why not. They vaporised into a mystical love radiation that spread across the universe, destroying many, many planets, including two gangster planets and a cowboy world. But one planet was at exactly the right distance to see the romantic rays, but not be destroyed by them: Earth. So all over the world, couples stood together in joy. And me, Zoidberg! And no one could have been happier unless it would have also been Valentine's Day. What? It was? Hooray!",I've got just the thing: Genuine miracle cream I bought from a travelling salesman. ," ""Come one, come all,"" he said. ""Step right up!"" ""This sounds too good to be true,"" I thought. He said I looked like a smart, young man. ""So is it a deal?"" I enquired. Two hours later he was gone, with 60 of my dollars. But I have the miracle cream--", Screw you!," Freedom, freedom, freedom, oy!
Freedom, freedom, freedom, oy!"," Freedom, freedom, freedom, oy!
Freedom, freedom, freedom, oy!",There's nothing crazy about it. It's just Freedom Day!,"No, it's a fabulous, crab-ulous day!","Then consider the following lecture a bonus: On Earth, freedom is a given. But on my planet, we have to suffer for it.","That's why I love Earth! You can do what you want, and no one makes you feel guilty because no one cares.",That's what I'm talking about!,I'm swelling with patriotic mucus!,"Yes, fellow patriots, I ate your flag. And I did it with pride. For to express oneself with doing a thing is the very essence of Freedom Day! Bless this planet and all its wonderful people!",I'm all scuttled out! , Huh? My planet's embassy? They're paid to not kill me! A-yoop!,"I thought I understood this world. I thought I was fitting in. But I guess I don't belong on here anymore than I belong on our crappy home planet-- Ooh, sorry.","Ambassador Mervin, you and your staff are so kind. I'm truly humbled. "," What, no marshmallows?","No. There's no cocoa marshmallows, and every night the rats eat a little more of my foot!","I was doing freedom of speech, Earth's most sacred right.","Oh, God, I'm nervous. Two of my three hearts are having attacks.",Apology accepted. Just don't let it happen again.,"Me? Apologise? Never! I came to this planet to learn the meaning of freedom, but I say it's you who should get a nice lesson! So do your worst because no punishment could be worse than denying my freedom.","Wait, let me finish!",Aha! Now the rubber band's on the other claw!,"Deny my freedom, will you? Well we'll do to you what we did to the Squash Men of the Squash Planet! Squish them!",You bet!,"Bah! Your planet doesn't deserve freedom until it learns what it is to not have freedom. It's a lesson, I say.","None of your beeswax, slave! You'll find out soon enough. Just focus on globing that mud. ", Glob!,"Ambassador Mervin, you killed my lawyer.",He defended my freedom when no one else would. He was a good and honourable man.,Is it possible that all this slavery and oppression is shmutzing up our freedom lesson?,All eyes on Zoidberg! , Ew!,"Wait! People of Earth, listen. Yes, I'm desecrating a flag. But to preserve the freedom it represents!","Ah, if only they appreciated freedom this much on my home planet. Wait a second! They do! Because this is my home planet.","You're a nice man, Nixon.","Oh, I couldn't.","Well, maybe just a taste. ", I wonder what the Shroud of Turin tastes like.,Zoidberg...Zoidberg...Z-Z-Z-Z-Zoidberg. ,"Look who's here, everyone! It's Zoidberg, the lovable tramp!","Performing? What? Please, if someone could spare me money to buy shoes--","Quiet, robot! Bender's on TV.",That was uncanny.,I'm networking. Let me give you my card.,"So, do you guys know about anything else going on, because I'm totally still ready to party.", Don't wanna talk about anything else.,I was all in this part! It's magic!,Stop!,A little land mammal!,Oh!,You didn't do anything. Don't beat yourself up.,"Hurry up with the water. I'm steaming inside my own shell, I am. It's that hot, it is!","Strange: Why would Nixon, an awkward, uncomfortable man, suddenly throw a party, one of the most social events imaginable? ", I don't hear any gasping.,Hooray! I'm a teenage heartthrob again!,"I'm no doctor, but this machine guy could use a lozenge.",What? I'm going to revert through all my larval stages?,"Oh, sure, like you need all your blood.","I can't see from down here, I can't."," The current! It's too much, already! Help!",No! Zoidberg's brother is dead! , Funny story: I just reverted to the age where my siblings budded from me and my brother Norman split off and jumped in the fountain.,"Dr. Zoidberg, soaking in brine.","Packed and ready, sir.", They got medals.,Shut your gills!,I only wish I could have removed the stinger.,Bupkis!,One spoonful calms you down. Two spoonfuls help you sleep. But three spoonfuls and you'll go into a sleep so deep you'll never wake up. Never!,"I should warn you, I'm a mean drunk."," Ain't got no cash,
Ain't got no style,
Ladies vomit when I smile,
But does Zoidberg worry?
Feh! You wish!", Happy!,"And he talked non-stop. Like a parrot of the sea, he was!",Welcome to my life!, Go!,I saw a frilly cake in here you would remember all your life. I know I will. Late at night it haunts me with its frosted beauty. ," Order the cake, damnit!",Basically.,I came as soon as I could. , It appears to be a case of African hydraulic fever!," I'm a doctor, she's dead.",Gross.,"So, I guess everything worked out fine.","So what's in the box, already?","In my experience, boxes are usually empty. Or maybe with a little cheese stuck to the top. And one time pepperoni! ", Give me the box!,Money!,"A fortune, it is! At last Zoidberg will live like a rich man!",I ask for rich guy stuff and you give me shiny pebbles? Bah! I bid you adieu.,"Say, this reminds me of that time I ate that other watch Kif gave you.","To induce vomiting, that was the solution. Everywhere it went! ", What a Valentine's Day that was!,Goose liver? Fish eggs? , Pah! Where's the goose? Where's the fish?,I ate garbage yesterday and it didn't cost me $300! I'm not paying. ," Farewell, good sir!","Ah! Thank you, golf slave. "," Bah! Rich people wouldn't waste their time on this nonsense. Plus, these eggs are gritty and tasteless.","What? It's not even scratch and sniff? But if rich people think it's good, I'll buy it. "," One art, please!"," Oh, what a foolish squid I've been. I'm not rich. I can't even buy one measly masterpiece.","So now I'm in the gutter, surrounded by bums who eat garbage? Money brought me no happiness. Bupkiss!","Welcome, one and all. I finally figured out how money could make me happy. By using it to buy my hungry friends a feast.",Why?, I can so relate to that.,"Bender, if you want to sleep in the tent tonight, you're welcome to join me and Hermes for a little ""just friends"" spooning.","Goodnight, Hubert.","Well I have a lot of experience telling patients bad news, so let me break it to him gently. "," Fry, you have no nose! Your nose is gone! You have no nose on your face! Where it is I can't say but on your face it's not!","Cheer up, friend. When we get home a high-quality prosthesis will have you looking good as new.","No, I'm good.","Only $14.99 for a two-record set. Two records! Oh, Zoidberg, at last you're becoming a crafty consumer!",Hello? I'll take eight!,I watch TV with that guy!, I can't believe everybody's just ad-libbing!, The music's bad and you should feel bad.,I'll take eight!,I call entirely. ,This lovey-dovey stuff is making me vomit from my saltwater and freshwater stomachs.,"No, the double-vomit is a sign of joy. Fry told me how he and Colleen first met.","So, how did you and Colleen first meet?",Mazel tov!,Are you going to eat that? ,"Hooray, hooray.",Hooray! We're equally good! ,What? I thought I was playing for my freedom!,Hooray!,"You look wonderful, robut! I wish I could afford to go to a hospital. I'm dreadfully sick. ",Ow.,Do you validate parking?,I can't make it! Go on without me! ,Go on without me faster!,"Hooray, Zoidberg escaped! ",Do it already! ,Aw. ,"You're on in five minutes, Excellency. You sure you don't want your comedy pope staff? ",Oh. ,"We're rolling in three, two... What? We're already rolling?",Where?,I had a hunch.,"I know you are, but what am I? ",I love this part.,"You get an infinite number of meat dishes, and a free refill on the soda. ",But won't that turn our ship into a piece of junk?,"Using this magneto, I will now guide the keys up the thorax and out via the frontal face hole. That's the storage locker, the boat, the other boat, pay dirt!",What? You mean I cut a big hole in him for nothing? ,"

Leela: Don't worry, the Professor won't even remember that he has a spaceship. ","


Farnsworth: Ah, my precious spaceship! Come, friends. Let's take her for a spin to the malt shop like old times.",Look at me! Look at me! Look at me! Look at me! Ooh! , Don't look at me.,She also took home two rolls of Scotch tape.,I hope you picked up some Scotch tape while you were there.,"Well, here's your problem, right here. You've got a skull embedded in your head.",Let me just peel your head a little and see if I can get that skull out. ,"

Zoidberg: So, you tell me, little miss expert, why always with the temper? Calm down for once and think. Here, enjoy a relaxing spritz from my empathy bladder. ","


Zoidberg: What is it, already? What's the cause of your anger?","So, you tell me, little miss expert, why always with the temper? Calm down for once and think. Here, enjoy a relaxing spritz from my empathy bladder. ","

Zoidberg: What is it, already? What's the cause of your anger?","What is it, already? What's the cause of your anger?",I'm beginning to understand. It all goes back to your parents.,I'm beginning to understand. It all goes back to your parents.,They pushed you to study medicine when all you ever wanted was to be a song-and-dance man. , Why? Whyyy?,They pushed you to study medicine when all you ever wanted was to be a song-and-dance man. , Why? Whyyy?,"Then you've got to go to them and work this song-and-dance stuff out. Maybe have them cook me nice dinner. No scallions. I hate them. (To an intercom:) Amy, cancel my appointments.",Thank you.,"Good, Leela, work that anger out. Excuse me a moment, I'm swarming with parasites. ","


Turanga Morris: Hey, it's what's-his-name from the surface. The bi-clops.","Good, Leela, work that anger out. Excuse me a moment, I'm swarming with parasites. ","

Turanga Morris: Hey, it's what's-his-name from the surface. The bi-clops.",Someone do something.,"I can't, I'm still eating. "," Help me, Leela.","n the forehead. Bender readies to fire a spork.]

Zoidberg: No. Not the spork.",No. Not the spork.,"Relax, Fry. I'm a doctor. I'm sure the robut will be just fine with a little help.","Friends, friends, stop everything. There's food in this shaker. ","Don't stop, Professor. I'm getting aroused. ",Ditto!, Hurray!,Enough already with the banging and the swashbuckling.,Watch where you're shooting that thing. ," Again? What, am I talking to myself over here?",Watch where you're shooting that thing. ," Again? What, am I talking to myself over here?","Okay. Now, I'm getting a little mad even.","Okay. Now, I'm getting a little mad even.","


Frydo: Leela, it's over. You killed him enough.","

Frydo: Leela, it's over. You killed him enough.","What? I'm not the Tunneling Horror. I hate that guy. Always with the tunneling. Anyway, I'm dead. ","

Leegola: So, you're just an innocent monster. Oh, God. What have I done?",Oh! There he goes again.,"Previously, on Futurama. ",And you say these are free shovels?,"Now for a triple clam dip, with a double - ", OW!," Squirm all you want, you nasty dumpling. One less species for the universe, one more breakfast for...",Leela. Me saving things the leech. Not the eating of it.,Dibs on her- ohh...,I hate to see it come to an end. , When will it end?,Amy?,"We're gonna crash, even.","Just when you think the chase is over, it gets twice as exciting!","Say, what's that violet-colored dwarf-like star thing we're drifting into?","Aye, what else now can go wrong?","We finished un-pinking the ship, Hubert. Now what?","I just meant without our good friends Fry, Leela, Amy and the robut.",What?,How humorous.,"Hermes, my friend! Let me cut off your umbilical cord. ", Oops.,Can I? That's my specialty., Aha!  That explains this growth on your drive shaft.,"Well, sure, but who's brave enough to fly into something we all keep calling a ""death sphere""?",Maybe a Parcheesi tournament.,"Still, a Parcheesi tournament.",I found the board!,"Sorry, I get aroused in crowds.", Good riddance.,"But if Leela should find out, her dignity sac will rupture.",Don't feel bad.  At least you're not Leela.,"Bender, old friend. What's on your face?",Is someone talking?,I'm ready for the countdown.,They're missing out on some hot pickle action. ,Or one!,I guess we should have waited in the ship., Horray!,Jesus Christ! ...and his Twelve Apostles!,Maybe da Vinci painted over something else. It's called a pentimento.,My doctorate is in Art History.,My God! da Vinci left his legs unpainted as a clue.,You call that an ink defense? ," Goodbye, friends!","So you wish you were never born, maybe?",Then suicide it is. Step into my office. I'll give you a nice Kervorking.,The three coworkers I liked... all dead!,I've been crunching the numbers on our transgalactic strategy—,"Oh, the claws can't flee like they used to.",I'm petting mine down to the bone. ,But we're plotzing here!," What, too soon?",I knew I should have gone with the ring-around-the-collar joke., He's good.,"Cubert,  I felt we needed some father-son bonding time, so I found a couple of  baseball gloves and boiled them up for lunch.",Wait! We still have to discuss the facts of life. What are they?,"Hello, I remembered you like superheroes so I painted you a mural on your wall. ", This is Father-Man. He fights crime to earn Son-Boy's respect. Is it working?,Go on.,"Don't worry, I know just how to handle bullies. Just pretend like you're pathetic. Help, I'm scared. I wet myself. I'm crying like a baby and I'm soaking in pee, but what else is new? ",And that's that.,"So, you wanna come in maybe? ", I've got a nice pound cake with a footprint on it.,"Good, cause I'm sick of him!", I'm serious. He's a terrible person.,"Sorry, I'm set for life after that last job. ",Friends! Friends! I've got barnacles on my tuchus! ,Switch bodies? I don't see why not. I also don't see why. , Robot?, A floor? We live like kings?,This is wonderful!,These X-ray specs will really take the guesswork out of surgery. No more chopping blindly in the goop.,But the sign said there was a mint in the box.,Of course I'll marry you!,Fry?,100!,Where's the exploding?,Three dollars at the drug store.,Urgh!,Maybe we can plotz in that giant cockle. ,"Well, everyone debone a bunk and get some shut-eye. ",What's that enscribbled on it?,"So, what's with all the screaming?",Horray! A happy ending for the rich people!,"What's that loud, boring sound you'll hear when I stop talking? ",If only someone could tell us more about these traditions. ,How about I just lay down?,"Been there, done that.",Hurray! Kwanzaa-bot's here to save— ," Aw, they killed him.","That's all good fun. But, of course, a clamp is no substitute for the precision of a genuine—", Stay off my turf!," Sorry if I was a little hostile before, but snipping is the only reason I'm even tolerated around here. Not like you, with those magnificent squeezers!", I thought I told you. I do the cutting around here.,My name isn't Slick. It's Zoidberg. ,-ing Zoidberg!, Oy!, Ow. Ow. Ow.,That offer was for a limited time only.,Because our friend Francis here is in reality... A bad murderer.,You do and I'll ,-ing gut you like a fish!,"You stink, loser.", I'm good! And you?, Ouch!,He's not bluffing!,Hooray! Free sky sticks! , Police brutality!,Things used to be funny around here! Noses were picked. Pants fell down. So what changed? Only Fry could say... And he's gone!, Okay.,A rat!,No! Look!,Sure. , That's your penis!,You're projecting an air of something.,But how?, It's not a duffel bag. It's my apartment., Himalayan or Neptunian?,A Tritonian Yeti?! ," You two aren't up to anything unethical, are you?!",What?,So you're in pain and 'ave a bunch o' needles. I prescribe acupuncture. ," I mean, ""Blood.""",I'm afraid Fry lost a lotta juice. , He's developed Simpsons jaundice.,His only hope is some replacement liver. Yours looks like a good match., You may feel a slight sawing!,And all we need is a little spine supplement to replace what Leela lost in that unavoidable saw mix-up.,"Anyhow, Hermes, all Leela needs is one of your vertebrae.",Could you limbo before? ," Wait. I say, ""Yes."" And you say, ""I couldn't limbo before."" You ruined the joke, Hermes!","There you go, Leela. Good as new!","Yeah, but did you ever play Jenga? Sometimes, you pull one and—",Hmmm. What started out as a pleasant afternoon of drugs and surgery has not gone as planned. But don't worry. We still 'ave three or four coworkers with plenty of spare parts.,My first mission. , With sprinkles on?,A very big kid.,"So, anyway, I hope the men 'ave been taking their hypermalaria pills.","""Their wha?!"" ", What smells like methane?,Super bad. It's Tritonian hypermalaria. , A lot of these men will be dead within twenty-four hours.,"Not you, though! "," It can kill immediately. Or lie dormant for decades. But, sooner or later, it erupts, causing fever, spasms, madness, coma, and finally... Death.",Super model!,"You can't hunt a Yeti by yourself, sir. ", It's suicidal.,"Just because you were in the swamp, doesn't necessarily mean—", Friend?!,Then you'll need someone to dissect it! , Friend.,Never! Zoidberg doesn't abandon a friend apparently.,I'll save us! By scaring 'im off with my crazy war noise! , Crunch all you want. I'll make more.,Oy. , I lost another one.,"But, friends—",I was just trying to—,I'm sorry. , I'm sorry.,"Oh, no! "," Oh, no, no, no! Oh, no!","Oh, no!",You! , You saved my life!,"Yes, fuff. ", Or maybe a butler?,"Don't forget the spasms, coma, and death.",Alright. , Give me the knife.,It sounds like something I would say.,"Alright, Hubert. ", I swear.,This is very difficult. , Friend.,Argh! ," Is this one o' those ""No means yes"" deals?!","As God is my witness, you can count on me. ", Well... See you tomorrow.,Stop! You don't understand!,You're making a mistake! I was only trying to kill the Professor!,Hubert... I'm sorry. , Great Little Caesar's ghost!, Woop-woop-woop-woop-woop-woop-woop-woop-woop.,"Sorry I didn't call first, Carol. Uh... But I'm in a hurry! I need your help to save Hubert!",Beautiful kids. You must be very proud!,Not too bad. ," Later, I'll show you the pictures.",What do you want me to say? , 'E saved my life.,But Hubert is my friend. , From Triton!,I live in a dumpster. , All I have in the world is this coupon for one free session at the tanning salon., What the hell are you doing?!,"'E doesn't have hypermalaria, you idiots! "," When 'e saved my life all those years ago, 'e was scratched by a Yeti!",It mimics the symptoms of hypermalaria exactly. , Hold 'im down while I prepare the antidote.,Yes. , This contains a concentrated form of the Yeti neurotoxin.,"Don't lecture me about Alien physiology, Conrad! The pineal neurotoxin neutralises the adrenal neurotoxin. That's why Yetis don't drive themselves mad!",No time for an injection. , I'll be damned. It did make 'im a double Yeti!, Nothing. Nothing at all., Once.," Thank you, Hubert.", Woop-woop-woop-woop-woop-woop-woop-woop-woop.,"Hey, look! A fog is rolling in."," So what's the deal with airline food, hmm? They offer you two choices, but they're always outta one. Uh, by the way, we're outta both choices.",Interesting. ," Come on, men! Let's kill him!", Would one of you chicks change the thermostat?,My gonopores! Look it up.,"Look, friends! I accidentally learned to tap-dance!"," Like a horse, a turtle, or a cricket.", Ow!,"It means it'll hatch into a tiny, little infant creature. Unless we cook it first. Hey, Leela! Hurry up with those scrambled infants!",What are you? My driver's license?,"Yeah, come down off your round, white pulpit! You're just gonna eat that thing, anyway!",Amy has a point.,Aw!,Dios mío.,That lucky bastard. I say kill it!,Kill 'em both!,We're not from around here. Hello!,What is?!,"Fry, I know you're upset right now, but I hope you'll consider donating the body to science dinner.",UNKNOWN! Hey. What's that bone-sucking sound?, Yeah! Yeah! Yeah! Yeah! Yeah! Yeah!,"Hey, hey, LBJ. You wanna get drunk?",Uh... Not bad. A hint of vitalis and—,"Right on! Say, you got any real soup or just this schlock?",Far out! That head gave me a total head trip!,Fuh! Schlock and more schlock!,Wha?,Uh-oh. I think I'm getting swollen glands.,And hundreds of black hovercopters are coming to welcome us!,They're flying Manhattan into the Sun! , They must've been outta piranhas.,"Wrong, Mr. Genius.","I hear turkey. Woop-woop-woop-woop-woop— Oh, boy. Ay... Ay. Ay.",Anyone have access to a lofty realm of gravy?," I've got it! This building's technically in the theatre district. If we could mount one big musical featuring everyone's talents, we might just save Planet Express!",Hooray!,Someone used to care about me?! Hooray!,Yay!,You won a Tony. Feh!,Me! Me! Choose Zoidberg.,"Hear my words. My shell may be tough like a samurai honeymoon mask, but inside I'm as soft and sensitive as a girl made of custard!",Please! I am certain I will succeed with my delicate manner. Oops.,"Hear my words. I believe I, the most humble member of Action Delivery Team, could do such a dance!", Aw.,The shame is too great. It's time to end this! Huh-yah! Feh!,"No hara-kiri today, but heiwa no dansu! The gelatinous dance of peace!","Says you, salaryman!",Behold! The dance of peace!,"I may be the humblest Team member, but I have given it my all.",For now. But another threat from the stars is sure to arise next week at the same time!,To the employment cave!,"You undersold it, Professor!",Uch! In public?!,Mazl tov!,Then we better hurry! , Registration ends in one hour!,"Fry, my friend, I found your pants! ", And no sign of that crafty badger!,A giant pyramid under New New York? What badger could have built this?,The balcony club? I have an individual membership!,I am lost! So long.,It was worth waiting five hours to hear you finish that sentence.,That guy stinks.," Don't worry, Leela! Earth is still there. Peaceful and serene as ever.",Good thing Scruffy rescued Leela.,Why not?,"He may not be perfect, but do we really want some unknown new guy? I'll stick with the evil maniac I know, thank you.", Classic Hermes.,"Hermes, no!","Traitor! My friend's ample tuchus is barely out the door, and you're already schmoozing up to his replacement?","What, you mean the remarks and the hits? That was just friend teasing.",You don't understand. He was the only one who cared enough to insult me.,"Sure, when it's convenient. But Hermes was always there for me. And now he's gone, thanks to you, Mr. Bigshot 7-G. ", I'll never see Hermes again.,"Welcome back, old friend. I missed you terribly."," Good old Hermes. When he stops insulting, that's when I worry.","So, friend, welcome to my home. I'm very proud of it. But I want to hear what you think."," ""Oh, mon, I'm Hermes, and I think it stinks in here like a green snake, or something else that's Jamaican."""," Good one at my expense, Hermes.","How could you even ask such a thing? Of course, I tried eating you, but your flesh was too spicy.",Something wonderful.,"Thank you, ladies and gentlemen. I'll be here all week.","So, Little Hermes, are you ready to watch some brain surgery?",Wait. I'll perform the surgery.,"It's true, old friend. My claws are too clumsy for such delicate work.",I'll tell you what I've done. I've brought your husband back.,"Thank you, ladies and gentlemen. I'll be here forever.","Still, to have your own pool!","Zindy, my darling. I can't believe we're finally going to meet in person!","Just in time for the ""all you can stand"" buffet at Chizzler!",That is the delightful creature I've been video-dating for the past four years.,"Tonight is a dream come true! A real, live date, in a physical place that exists! I just have to go straighten up in case we end up at my place.",There! My home's all clean except for one part... the inside.,Nope.,"You-do-do-do. Boy-boy-boy-boy. Greetings, merchant! I need something beautiful and cheap for a lady who is one of those things.","Perfect! I'll take half a bouquet of daisies, for three dollars!",Allow... me.,I'm gonna snip her off her feet!,Zindy! You're even more beautiful from a distance!,"Stench... Er er er... That's probably this stinky bus station, maybe!
Come. Let's go some place well ventilated and grow old together.",Ah! Much better.,What? That? That's just my personal musk. You'll learn to love it! I know I did.,I'd like to return these for a refund. Don't worry. They're... unused.,I understand.,Mhm. Can I have a refund now?,"Oh no you don't, Mister Big Jerk! I have nothing to live for, so I don't mind telling you... Those pennies are mine.",Go ahead! I don't care what happens anymore. Do it! Bash my head in.,I'm sorry. Don't hit me. Ooh... I like the way you hit! But I don't get it. Most women I've met can't even stand next to me without collapsing.,Well... some of them didn't have legs. But it's not them. It's me. How do I put this delicately? I'm smellier than a whorehouse's outhouse!,Really?,"Hello, you!",Thank you. The previous tenant was a very prominent raccoon!,"First, let me pinch myself to make sure I'm not dreaming! Ouch! I forgot I was a giant crab!",Friends! I'd like you to meet my new lady — Marianne!,She's the best thing that ever happened to me. We had a wonderful night of love-making in my dumpster.,"Because, my friends... she has no sense of smell!","For the first time in my life, I'm truly happy.","You're right! And I, as a renowned ear, nose, and blowhole doctor, could do the operation!",I dunno. It doesn't seem fair to Marianne. But on the other claw... maybe I can't live without her! So you're right. I can never tell her.,"For you, my lovely rugelach.",Such a smart one! You know everything about flowers!,Uh... It's like summer... with a dab of vanilla and honey... or maybe winter with some gravy on it.,"Marianne, my love. I've never known anyone who wanted to smell so badly... and there's a way maybe you can.","We have in the doctor world something called a nose transplant. I can give you a surgery, and when it's done... you'll be able to smell. Everything.",True. Our relationship will end once she smells my odour. But you know what would really stink? If Marianne spent her whole life never knowing the beautiful scent of her own flowers.,"I don't have time for this, robut. Here. Patch yourself up with this medicinal wacky pack. ", It's time!,"It'll all be over soon, my love. May I have... ", one last kiss?,Yes. Lots. , Nurse Amy. The anesthesia.,Then let's begin this delicate procedure.,"Just perfect. This time, you can describe their beautiful aroma to me.","I don't know how to tell you this, but...",It's not the flowers. It's—,But but... But but... most people think I smell like a burning zoo!,Ah. Nothing like the first cup of dumpster juice in the morning. Marianne?!,I'd like that!,"Friends, I found a ten dollars!",It fell off a man. The man got into a taxi. But the money did not. ," Friends, I found a ten dollars!",Awwww...,Awwww...,Awwww...,I call entirely. ,This lovey-dovey stuff is making me vomit from my saltwater and freshwater stomachs.,"No, the double-vomit is a sign of joy. Fry told me how he and Colleen first met.","So, how did you and Colleen first meet?",Mazel tov!,Are you going to eat that? ,"Hooray, hooray.",Hooray! We're equally good! ,What? I thought I was playing for my freedom!,Hooray!,"You look wonderful, robut! I wish I could afford to go to a hospital. I'm dreadfully sick. ",Ow.,Do you validate parking?,No! Uncle Zoid! What's new? You still doing theatre for the blind and deaf?,I can't make it! Go on without me! ,Go on without me faster!,"Hooray, Zoidberg escaped! ",Do it already! ,Aw. ,"You're on in five minutes, Excellency. You sure you don't want your comedy pope staff? ",Oh. ,"We're rolling in three, two... What? We're already rolling?",Where?,I had a hunch.,"I know you are, but what am I? ",I love this part.,"You get an infinite number of meat dishes, and a free refill on the soda. ",But won't that turn our ship into a piece of junk?,"Using this magneto, I will now guide the keys up the thorax and out via the frontal face hole. That's the storage locker, the boat, the other boat, pay dirt!",What? You mean I cut a big hole in him for nothing? ,Look at me! Look at me! Look at me! Look at me! Ooh! , Don't look at me.,She also took home two rolls of Scotch tape.,I hope you picked up some Scotch tape while you were there.,"Well, here's your problem, right here. You've got a skull embedded in your head.",Let me just peel your head a little and see if I can get that skull out. ,"

Zoidberg: So, you tell me, little miss expert, why always with the temper? Calm down for once and think. Here, enjoy a relaxing spritz from my empathy bladder. ","So, you tell me, little miss expert, why always with the temper? Calm down for once and think. Here, enjoy a relaxing spritz from my empathy bladder. ","What is it, already? What's the cause of your anger?",I'm beginning to understand. It all goes back to your parents.,You harbour resentment because they pushed you to study medicine when all you ever wanted was to be a song-and-dance man. , Why? Whyyy?,"Then you've got to go to them and work this song-and-dance stuff out. Maybe have them cook me nice dinner. No scallions. I hate them. (To an intercom:) Amy, cancel my appointments.",Thank you.,"Good, Leela, work that anger out. Excuse me a moment, I'm swarming with parasites. ","Good, Leela, work that anger out. Excuse me a moment, I'm swarming with parasites. ",Someone do something.,"I can't, I'm still eating. "," Help me, Leela.","n the forehead. Bender readies to fire a spork.]

Zoidberg: No. Not the spork.",No. Not the spork.,"Relax, Fry. I'm a doctor. I'm sure the robut will be just fine with a little help.","Friends, friends, stop everything. There's food in this shaker. ","

Leela: Ow! Enough already! Can you please remove this anger collar?","Don't stop, Professor. I'm getting aroused. ","

Farnsworth: Back in those days, dark matter was just a worthless inert curiosity, and I was smashing it in a particle accelerator, in an ill-conceived attempt to create a more durable harpsichord wax. But, as Deepak Chopra taught us, quantum physics means anything can happen at any time for no reason. Also, eat plenty of oatmeal and animals never had a war. Who's the real animals? ", And thus against all probabilities... it happened. [The dark matter particles in the particle accelerator begin colliding and exploding. A large explosion leaves only a single item - the single non-local metaparticle crystal.,Ditto!, Hurray!,Enough already with the banging and the swashbuckling.,Watch where you're shooting that thing. ," Again? What, am I talking to myself over here?",Watch where you're shooting that thing. ," Again? What, am I talking to myself over here?","Okay. Now, I'm getting a little mad even.","Okay. Now, I'm getting a little mad even.","What? I'm not the Tunneling Horror. I hate that guy. Always with the tunneling. Anyway, I'm dead. ","

Leegola: So, you're just an innocent monster. Oh, God. What have I done?",Oh! There he goes again.,"Oh! So, suddenly, Miss Goody Four-shoes over here doesn't kill anymore. She killed me not five minutes ago. What am I? Chopped liver?",Ow! Stop chopping my liver.,Ow! Stop chopping my liver.,I don't quite know how to say this. (Sobbing:) Fry is dead!,"Wait, not dead.  The other thing.","Look out, Vegas, I've got a system. ", Oh. I'm bankrupt.,And you say these are free shovels?,"Now for a triple clam dip, with a double - ", OW!," Squirm all you want, you nasty dumpling. One less species for the universe, one more breakfast for...",Leela. Me saving things the leech. Not the eating of it.,Dibs on her- ohh...,I hate to see it come to an end. , When will it end?,"The Feministas, probably.",Amy?,"Oh, no, you don't. It's three against three.","We're gonna crash, even.","Just when you think the chase is over, it gets twice as exciting!","Say, what's that violet-colored dwarf-like star thing we're drifting into?","Aye, what else now can go wrong?","We finished un-pinking the ship, Hubert. Now what?","I just meant without our good friends Fry, Leela, Amy and the robut.",What?,"The gymnasium? Excellent, excellent. For some reason I'm frisky as a squid on Tuesday.",We crustaceans don't like steam. I'm going to go work out with the Nautilus!,"Yo, yo, yo! Whassup, whassup! Give up the rock!",Give me that. , More weight!,Enough with the questions. More weight! , More!,I'm a doctor!,I am normal. ," Amy, take off these rubber bands and I'll show you how normal I am!","Ah, much better. You can take off these rubber bands now.","Give it to me straight, Professor. Is it fin rot? It's fin rot, isn't it? Tell me it's not fin rot!","Excellent, excellent!",You didn't have to call attention to his speech impediment.,"I'm feeling less nuts, thank you, because tomorrow I will be depositing my jelly in the cloacal vents of a female. ", If you catch my drift.,I don't know yet. But I shall attract one this afternoon with an erotic display.,Love? That word is unknown here. I'm simply looking for a female swollen with eggs to accept my genetic material.,"Ah, my old scuttling grounds! Let's pull over.",I used to hang out here as a larva. It looked so much bigger back then. ," Who's the tough guy now, Vinnie?","No, it's the ceremony of Claw-Plach, where my species fight to the death over matters of honour. Also whether abbreviations count in Scrabble. ", They don't!,Same place as your species: The beach.,How do I look?,Then the illusion is complete.,Perfect! This oughta make me stand out. , Craw!,Craw!,Craw?,Craw!,"Cra-- Oh, what's the point?","Edna? Edna, it's me, Zoidberg. Remember, from high school? ", You used to laugh at me because my face was covered with barnacles!,"I've performed a few mercy killings. So, as long as I'm in town I was wondering if maybe ... craw?",Or maybe a doctor?," No one will ever want to mate with me, not with a puny claw like this. Did you see those other guys? They looked like giant claws with bodies attached."," You're right, my stink gland is weak. Smell!","Hmm, this ""love"" intrigues me. Teach me to fake it.",Ask her to mate with me.,But she's not. She's merely the female with the largest clutch of eggs.,Then mating.,"Is ""desire to mate"" a feeling?",It's all so complicated with the flowers and the romance and the lies upon lies.,What? Now there's a bird involved?, I have no idea.," Fry, that doesn't make sense.", You seem malnourished. Are you suffering from internal parasites?,Why would I wanna know?, How was your day?,"Fry, look what you did, she won't shut up."," Uh-huh, uh-huh.",Do I ask her to mate now?, I'd like to propose a toast to ... coat check number 84.,"Oh, Edna! "," Of all the slimy, gross crab monsters on this planet, you are apparently the hottest.","I'm confused, Fry. I'm feeling a strange new emotion. Is it love when you care about a female for reasons beyond mating?","Edna, I couldn't stand it any longer. I-- ", Fry!, Her caviar is on your neck!, I challenge you to Claw-Plach!,A fight to the death.,"Get ready, Fry. I'm going to rip your swim bladder out and show it to you.", Of course I'm being irrational! I'm in love!,"Fry, it's been years since medical school so remind me. Disembowelling in your species: Fatal or non-fatal?",Large bet on myself in round one!,I choose my own claws! I want the tactile pleasure of chopping him right here in the gonads!,Huh?,Edna? Honey?,Edna?,The frenzy! ," Oh, the greatest experience in life and I missed it.",The frenzy is over. How will I ever get rid of my male jelly now?,"They come to feast after the frenzy. Once my species passes on its genes, it dies.",Yes.,"Well it was nice of you to let me reattach your arm, Fry, especially after I made a complete eel out of myself.","Yes biggie. I learned to feel things I'd never felt before: Love, jealousy, passion for disembowelling. I owe it all to you. ", There! I pronounce the operation a success.,"I may not know from emotions but when it comes to medicine, forget about it.","For you, my friend, anything."," Alright, alright, third time's the charm.",Oh!,"Oh, boy!",What's the hold-up?,Sure. Me.,I know that. , Ow! What? Oh!,"Casual hello. It's me, Zoidberg. Act naturally. ", Ow! Ouch! Get off of me! Stop!,"Aw, I'll never recombobulate this ship! When the Professor finds out, he'll tear me a new cloaca. ", Frame someone!,I'm acting astonished.,"Fry, you scoundrel!", What have I done?,"Oh, the guilt! The unbearable guilt!",Wait! Everyone must know: I broke the Professor's bottled ship. , Huh?,Fry did it!,Eh! It's all my favourite patients. And also Captain Tucker. Pow!,It was a different time.,"Aw! Don't make me remember! So horrible, it was.",We're gonna try— What?,Aw... I think I'm remembering that thing I forgot.,I remember. I remember! , I have closure.,"Oh, no. ", What's happening?!,"Oh, right! And there was a giant killer space whale.", Woob.,"Relax, friends.","Panic, jerks!",Ouch.,Aw! So close.,Hello.,"No! Nothing! For all I know, our friends could've been eaten by some kind of crazy space whale!",Not to mention those single socks from the dryer. Am I right?,Mmm! Lemony!,"Oh, no! ", My deal is doing the thing!,I just remembered. , Oy! Now with the horror hair.,"That sounds clever, but it doesn't explain much.",Okay.,Eh!
